[
{
        "name": "Стадия I",
        "researchAgreementCost": 150,
        "startingSettlerCount": 1,
        "startingWorkerCount": 0,
        "startingMilitaryUnitCount": 1,
        "startingMilitaryUnit": "Warrior",
        "settlerPopulation": 1,
        "baseUnitBuyCost": 200,
        "embarkDefense": 3,
        "startPercent": 0,
        "citySound": "cityAncient",
        "iconRGB": [255, 87, 35]
    },
    {
        "name": "Стадия II",
        "researchAgreementCost": 150,
        "startingSettlerCount": 1,
        "startingWorkerCount": 0,
        "startingMilitaryUnitCount": 1,
        "startingMilitaryUnit": "Warrior",
        "settlerPopulation": 1,
        "baseUnitBuyCost": 200,
        "embarkDefense": 3,
        "startPercent": 0,
        "citySound": "cityAncient",
        "iconRGB": [255, 87, 35]
    }, 
       {
        "name": "Стадия III",
        "researchAgreementCost": 150,
        "startingSettlerCount": 1,
        "startingWorkerCount": 0,
        "startingMilitaryUnitCount": 1,
        "startingMilitaryUnit": "Warrior",
        "settlerPopulation": 1,
        "baseUnitBuyCost": 200,
        "embarkDefense": 3,
        "startPercent": 0,
        "citySound": "cityAncient",
        "iconRGB": [255, 87, 35]
    } 
   ] 
    