[
{
  "name": "Орда",
  "leaderName": "Гулл'Дан",
  "adjective": [""],
  "startBias": ["Desert"],
  "preferredVictoryType": "Domination",

  "startIntroPart1": "Приветствую, мое владение! Я Гулл'дан, Вождь клана Пылающего Лезвия, и ты, без сомнения, вступил в мою службу. Настало время прославить наше величие и подчинить себе этот мир!",
  "declaringWar": "Ты допустил огромную ошибку",
  "attacked": "Я сделаю из твоего народа украшение",
  "defeated": "Я... Проиграл...",
  "introduction": "Наша встреча уже входила в мои планы",
  "neutralHello": "Что тебе нужно?",
  "hateHello": "Ты пришёл, чтобы умереть?",
  "tradeRequest": "Давай заключим сделку",
  "outerColor": [1,1,1],
  "innerColor": [166,3,1],
  "uniqueName": "Орда",
  "uniques": ["[+20]% Strength <when fighting in [Desert] tiles>"],
  "cities": ["Оргриммар","Подгород","Луносвет","Громовой утёс","Копьё войны"]
 }, 
 {
  "name": "Альянс",
  "leaderName": "Теренаса Менетила II",
  "adjective": [""],
  "startBias": ["Plains"],
  "preferredVictoryType": "Domination",

  "startIntroPart1": "Приветствую, путник! Я – Теренас Менетил II, король Лордерона. Добро пожаловать в наши земли, где силы света и праведности несравненны. Добро пожаловать в мир, где честь и доблесть – высшие добродетели.",
  "declaringWar": "Друг мой... Ты не знаешь, что творишь.",
  "attacked": "Так нужно. Это для общего благо.",
  "defeated": "Мой взор... Застилает тьма...",
  "introduction": "Здраствуй.",
  "neutralHello": "Я слушаю.",
  "hateHello": "Тебе не место здесь.",
  "tradeRequest": "Я готов предложить тебе это",
  "outerColor": [41,88,227],
  "innerColor": [255,255,255],
  "uniqueName": "Люди",
  "uniques": ["[+20]% Strength <when fighting in [Plains] tiles>"],
  "cities": ["Штормград","Дарнас","Стальгорн","Экзодар","Преграда Ветров","Святилище семи звёзд"]
 }, 
 {
  "name": "Плеть",
  "leaderName": "Артас Менетил",
  "adjective": [""],
  "startBias": ["Snow"],
  "preferredVictoryType": "Domination",

  "startIntroPart1": "Ааа, смертные твари, вы решили прийти ко мне? Вы испытываете величайшее унижение, решив противостоять Королю личу, Артасу Менетилу. Вы, безнадежные существа, теперь станете частью моей необъятной армии нежити. Смерть неизбежна, но вы сможете стать одним из нас, при условии, что примете свою новую судьбу.",
  "declaringWar": "В этой битве, ты умрёшь!",
  "attacked": "Мой меч давно этого хотел!",
  "defeated": "Мой взор... Застилает тьма...",
  "introduction": "Ну привет.",
  "neutralHello": "Что тебе нужно?",
  "hateHello": "Ты пришёл, чтобы умереть?",
  "tradeRequest": "Мне это нужно, прямо здесь, и сейчас",
  "outerColor": [155,139,169],
  "innerColor": [70,40,98],
  "uniqueName": "Нежить",
  "uniques": ["[+20]% Strength <when fighting in [Snow] tiles>"],
  "cities": ["Сепулькра","Стратхольм","Слобода Тьмы","Гробница","Кель'Талас"]
 }, 
 {
  "name": "Ночные Эльфы",
  "leaderName": "Кель'Тас Солнечный Скиталец",
  "adjective": [""],
  "startBias": ["Forest"],
  "preferredVictoryType": "Domination",

  "startIntroPart1": "Приветствую, путник! Я – Кель'Тас Солнечный Скиталец, принц крови и правитель красных эльфов. Добро пожаловать в наши земли, где свет луны и тепло солнца сочетаются в великолепном танце.",
  "declaringWar": "Ты пожалеешь об этом.",
  "attacked": "Уж поверь, это сделано во благо.",
  "defeated": "Я принимаю поражение.",
  "introduction": "Привет.",
  "neutralHello": "Зачем ты здесь?",
  "hateHello": "Тебе здесь. Не рады.",
  "tradeRequest": "Это прекрасное предложение.",
  "outerColor": [91,93,255],
  "innerColor": [14,15,99],
  "uniqueName": "Эльфы",
  "uniques": ["[+20]% Strength <when fighting in [Forest] tiles>"],
  "cities": ["Фалдарен","Кель'Талас","Кель'Литиен","Зеб'Ватах","Ан'Дарота"]
 } 
]