[

	{
		"name": "Farm",
		"terrainsCanBeBuiltOn": ["Plains","Grassland","Desert","Flood plains"],
		"food": 1,
		"turnsToBuild": 7,
		"techRequired": "Первый уровень",
		"uniques": ["Can also be built on tiles adjacent to fresh water",
			"[+1 Food] from [Fresh water] tiles <after discovering [Civil Service]>",
			"[+1 Food] from [non-fresh water] tiles <after discovering [Fertilizer]>",
            "Pillaging this improvement yields approximately [+18 Gold]"],
		"shortcutKey": "F"
	},
	{
		"name": "Lumber mill",
		"terrainsCanBeBuiltOn": ["Forest"],
		"production": 1,
		"turnsToBuild": 7,
		"techRequired": "Первый уровень",
		"uniques": ["[+1 Production] <after discovering [Scientific Theory]>", "Pillaging this improvement yields approximately [+10 Gold]"],
		"shortcutKey": "L"
	},
	{
		"name": "Mine",
		"terrainsCanBeBuiltOn": ["Hill"],
		"production": 1,
		"turnsToBuild": 7,
		"techRequired": "Первый уровень",
		"uniques": ["[+1 Production] <after discovering [Chemistry]>", "Pillaging this improvement yields approximately [+20 Gold]"],
		"shortcutKey": "M"
	},
	{
		"name": "Trading post",
		"terrainsCanBeBuiltOn": ["Plains","Grassland","Desert","Hill","Tundra","Forest","Jungle","Flood plains"],
		"gold": 1,
		"turnsToBuild": 7,
		"techRequired": "Первый уровень",
		"shortcutKey": "T"
	},

	// Resource-specific
	{
		"name": "Camp",
		"turnsToBuild": 7,
		"techRequired": "Первый уровень",
		"shortcutKey": "C"
	},
	{
		"name": "Offshore Platform",
		"techRequired": "Первый уровень",
		"shortcutKey": "P"
	},
	{
		"name": "Pasture",
		"turnsToBuild": 8,
		"techRequired": "Первый уровень",
		"uniques": ["[+1 Food] <after discovering [Fertilizer]>", "Can only be built to improve a resource", "Pillaging this improvement yields approximately [+10 Gold]"],
		"shortcutKey": "P"
	},
	{
		"name": "Plantation",
		"turnsToBuild": 6,
		"gold": 1,
		"techRequired": "Первый уровень",
		"uniques": ["[+1 Food] <after discovering [Fertilizer]>", "Can only be built to improve a resource", "Pillaging this improvement yields approximately [+10 Gold]"],
		"shortcutKey": "P"
	},
	{
		"name": "Quarry",
		"turnsToBuild": 8,
		"techRequired": "Первый уровень",
		"uniques": ["[+1 Production] <after discovering [Chemistry]>", "Can only be built to improve a resource", "Pillaging this improvement yields approximately [+20 Gold]"],
		"shortcutKey": "Q"
	},
	{
		"name": "Fishing Boats",
		"terrainsCanBeBuiltOn": ["Coast"],
		"food": 1,
		"techRequired": "Первый уровень",
		"uniques": ["[+1 Gold] <after discovering [Compass]>", "Can only be built to improve a resource", "Pillaging this improvement yields approximately [+10 Gold]"],
		"shortcutKey": "F"
	},

	// Military improvement
	{
		"name": "Fort",
		"terrainsCanBeBuiltOn": ["Plains","Grassland","Desert","Hill","Tundra","Snow","Forest","Jungle"],
		"turnsToBuild": 6,
		"techRequired": "Первый уровень",
		"uniques": ["Can be built outside your borders", "Gives a defensive bonus of [50]%"],
		"shortcutKey": "O"
	},

	// Transportation
	{
		"name": "Road",
		"terrainsCanBeBuiltOn": ["Land"],
		"turnsToBuild": 4,
		"techRequired": "Первый уровень",
		"uniques": ["Can be built outside your borders", "Costs [1] [Gold] per turn when in your territory"],
		"shortcutKey": "R",
        "civilopediaText": [
            {"text":"Reduces movement cost to ½ if the other tile also has a Road or Railroad"},
            {"text":"Reduces movement cost to ⅓ with Machinery", "link":"Technology/Machinery"},
            {"text":"Requires Engineering to bridge rivers", "link":"Technology/Engineering"}
        ]
	},
	{
		"name": "Railroad",
		"terrainsCanBeBuiltOn": ["Land"],
		"turnsToBuild": 4,
		"techRequired": "Первый уровень",
		"uniques": ["Can be built outside your borders", "Costs [2] [Gold] per turn when in your territory"],
		"shortcutKey": "R",
        "civilopediaText": [{"text":"Reduces movement cost to ⅒ if the other tile also has a Railroad"}]
	},

	// Removals
	// Any improvement that starts with 'Remove ' is automatically changed into
	// the improvement that removes the terrainfeature after it.
	{
		"name": "Remove Forest",
		"turnsToBuild": 4,
		"techRequired": "Первый уровень",
		"uniques": ["Can be built outside your borders", "Excluded from map editor"],
		"shortcutKey": "X",
        "civilopediaText": [{"text":"Provides a one-time Production bonus depending on distance to the closest city once finished"}]
	},
	{
		"name": "Remove Jungle",
		"turnsToBuild": 7,
		"techRequired": "Первый уровень",
		"uniques": ["Can be built outside your borders", "Excluded from map editor"],
		"shortcutKey": "X"
	},
	{
		"name": "Remove Fallout",
		"turnsToBuild": 2,
		// Has no tech requirements as it can always be built
		"uniques": ["Can be built outside your borders", "Excluded from map editor"],
		"shortcutKey": "X"
	},
	{
		"name": "Remove Marsh",
		"turnsToBuild": 6,
		"techRequired": "Первый уровень",
		"uniques": ["Can be built outside your borders", "Excluded from map editor"],
		"shortcutKey": "X"
	},

	// These are unique and have unique in-game checks related to them
	{
		"name": "Remove Road",
		"turnsToBuild": 2,
		"uniques": ["Can be built outside your borders", "Excluded from map editor"]
	},
	{
		"name": "Remove Railroad",
		"turnsToBuild": 2,
		"uniques": ["Can be built outside your borders", "Excluded from map editor"]
	},
	{
		"name": "Cancel improvement order",
		"uniques": ["Can be built outside your borders", "Excluded from map editor"],
		"shortcutKey": "."
	},
    // Purely for turnsToBuild and civilopediaText. Unbuildable so it doesn't show in ImprovementPicker
    {
        "name": "Repair",
        "terrainsCanBeBuiltOn": ["Land"],
        "turnsToBuild": 2,
        "uniques": ["Unbuildable", "Excluded from map editor"],
        "shortcutKey": "E",
        "civilopediaText": [{"text":"Repairs a pillaged Improvement or Route"}]
    },

	
	{
		"name": "Ancient ruins",
		"terrainsCanBeBuiltOn": ["Land"],
		"uniques": ["Unpillagable", "Provides a random bonus when entered", "Unbuildable"]
	},
	{
		"name": "City ruins",
		"terrainsCanBeBuiltOn": ["Land"],
		"uniques": ["Unpillagable", "Unbuildable", "Will be replaced by automated workers"],
        "civilopediaText": [{"text":"A bleak reminder of the destruction wreaked by War"}]
	},
	{
		"name": "City center",
		"terrainsCanBeBuiltOn": ["Land"],
		"uniques": ["Ensures a minimum tile yield of [+2 Food, +1 Production]",
            "Unpillagable", "Irremovable", "Unbuildable", "Excluded from map editor"],
        "civilopediaText": [
			{"text":"Marks the center of a city"},
			{"text":"Appearance changes with the technological era of the owning civilization"}
		]
	},
	{
		"name": "Barbarian encampment",
		"terrainsCanBeBuiltOn": ["Land"],
		"uniques": ["Unpillagable", "Unbuildable", "Excluded from map editor"],
        "civilopediaText": [{"text":"Home to uncivilized barbarians, will spawn a hostile unit from time to time"}]
	}
]
