[
{
		"name": "Worker",
		"unitType": "Civilian",
		"movement": 2,
		"uniques": ["Can build [Land] improvements on tiles", "Automation is a primary action"],
		"cost": 70
	},
	{
		"name": "Settler",
		"unitType": "Civilian",
		"movement": 2,
		"cost": 106,
		"uniques": ["Founds a new city <by consuming this unit>", "Excess Food converted to Production when under construction",
			"Requires at least [2] population"],
		"hurryCostModifier": 20
	},
	{
		"name": "Warrior",
		"unitType": "Sword",
		"movement": 2,
		"strength": 8,
		"cost": 40,
		"obsoleteTech": "Первый уровень",
		"attackSound": "nonmetalhit",
        "civilopediaText": [
			{"text": "This is your basic, club-swinging fighter."}
		]
	},
	{
		"name": "Грунт",
		"uniqueTo": "Орда", 
		"unitType": "Sword",
		"replaces": "Warrior",
		"movement": 2,
		"strength": 8,
		"cost": 40,
		"obsoleteTech": "Второй уровень",
		"attackSound": "nonmetalhit"
	},
	{
		"name": "Хедхантер",
		"uniqueTo": "Орда", 
		"unitType": "Archery",
		"movement": 4,
		"strength": 5,
		"rangedStrength": 7,
		"cost": 40,
		"obsoleteTech": "Второй уровень",
		"attackSound": "arrow"
	}, 
	{
		"name": "Катапульта - Орда",
		"uniqueTo": "Орда", 
		"unitType": "Siege",
		"upgradesTo": "Кадой",
		"movement": 2,
		"strength": 7,
		"rangedStrength": 8,
		"cost": 75,
		"requiredTech": "Второй уровень",
		"obsoleteTech": "Третий уровень",
		"uniques": ["[+200]% Strength <vs cities> <when attacking>", "No defensive terrain bonus",
			"Must set up to ranged attack", "[-1] Sight", "Never appears as a Barbarian unit"],
		"hurryCostModifier": 20,
		"attackSound": "throw"
	},
	{
		"name": "Райдер",
		"uniqueTo": "Орда", 
		"unitType": "Archery",
		"movement": 5,
		"strength": 7,
		"rangedStrength": 10,
		"cost": 70,
		"requiredTech": "Второй уровень",
		"attackSound": "arrow"
	},
	{
		"name": "Кадой",
		"uniqueTo": "Орда", 
		"unitType": "Siege",
		"movement": 5,
		"strength": 7,
		"rangedStrength": 10,
		"cost": 100,
		"requiredTech": "Третий уровень",
		"uniques": ["[+350]% Strength <vs cities> <when attacking>", "No defensive terrain bonus"],
		"attackSound": "throw"
	},
	{
		"name": "Виверна",
		"unitType": "Mounted",
		"uniqueTo": "Орда",
		"movement": 3,
		"strength": 15,
		"cost": 100,
		"requiredTech": "Второй уровень",
		"uniques": ["Can move after attacking","No defensive terrain bonus"],
		"attackSound": "arrow"
	}, 
	{
		"name": "Бат",
		"unitType": "Mounted",
		"uniqueTo": "Орда",
		"movement": 6,
		"strength": 7,
		"cost": 70,
		"requiredTech": "Второй уровень",
		"uniques": ["Can move after attacking","No defensive terrain bonus"],
		"attackSound": "arrow"
	}, 
	{
		"name": "Шаман",
		"uniqueTo": "Орда", 
		"requiredTech": "Второй уровень",
		"unitType": "Archery",
		"movement": 2,
		"strength": 10,
		"rangedStrength": 10,
		"cost": 90,
		"uniques": ["All adjacent units heal [+5] HP when healing"]
		"attackSound": "arrow"
	}, 
	{
		"name": "Вич-Доктор",
		"uniqueTo": "Орда", 
		"requiredTech": "Третий уровень",
		"unitType": "Archery",
		"movement": 3,
		"strength": 1,
		"rangedStrength": 1,
		"cost": 150,
		"uniques": ["All adjacent units heal [+30] HP when healing"]
		"attackSound": "arrow"
	},  
	{
		"name": "Служитель Предков",
		"uniqueTo": "Орда", 
		"unitType": "Archery",
		"movement": 2,
		"strength": 20,
		"rangedStrength": 10,
		"cost": 180,
		"requiredTech": "Третий уровень",
		"attackSound": "arrow"
	}, 
	{
		"name": "Таурен",
		"uniqueTo": "Орда", 
		"unitType": "Sword",
		"movement": 2,
		"health":200,
		"strength": 15,
		"cost": 200,
		"requiredTech": "Третий уровень",
		"hurryCostModifier": 20,
		"attackSound": "metalhit"
	},
	{
		"name": "Блейдмастер",
		"uniqueTo": "Орда", 
		"unitType": "Sword",
		"movement": 2,
		"strength": 25,
		"cost": 200,
		"requiredTech": "Третий уровень",
		"requiredResource": "Iron",
		"attackSound": "metalhit"
	},
	//Альянс
	{
		"name": "Футман",
		"upgradesTo": "Рыцарь", 
		"uniqueTo": "Альянс", 
		"unitType": "Sword",
		"replaces": "Warrior",
		"movement": 2,
		"strength": 8,
		"cost": 40,
		"obsoleteTech": "Второй уровень",
		"attackSound": "nonmetalhit"
	},
	{
		"name": "Стрелок",
		"uniqueTo": "Альянс", 
		"unitType": "Archery",
		"movement": 2,
		"strength": 10,
		"rangedStrength": 7,
		"cost": 40,
		"obsoleteTech": "Второй уровень",
		"attackSound": "arrow"
	},
	{
		"name": "Рыцарь",
		"uniqueTo": "Альянс", 
		"unitType": "Sword",
		"movement": 2,
		"strength": 14,
		"cost": 75,
		"requiredTech": "Второй уровень",
		"attackSound": "metalhit"
	},
	{
		"name": "Целитель",
		"uniqueTo": "Альянс", 
		"requiredTech": "Второй уровень",
		"unitType": "Archery",
		"movement": 3,
		"strength": 5,
		"rangedStrength": 5,
		"cost": 100,
		"uniques": ["All adjacent units heal [+5] HP when healing"]
		"attackSound": "arrow"
	},   
	{
		"name": "Волшебница",
		"uniqueTo": "Альянс", 
		"requiredTech": "Второй уровень",
		"unitType": "Archery",
		"movement": 2,
		"strength": 10,
		"rangedStrength": 10,
		"cost": 90,
	}, 
	{
		"name": "Спеллбрейкер",
		"unitType": "Mounted",
		"movement": 4,
		"strength": 20,
		"cost": 120,
		"requiredTech": "Второй уровень",
		"uniques": ["Can move after attacking","No defensive terrain bonus"],
		"promotions": ["Formation I"],
		"attackSound": "horse"
	},
	{
		"name": "Гирокоптер",
		"uniqueTo": "Альянс", 
		"requiredTech": "Второй уровень",
		"unitType": "Archery",
		"movement": 2,
		"strength": 4,
		"rangedStrength": 5,
		"cost": 70,
	}, 
	{
		"name": "Мортира",
		"uniqueTo": "Альянс", 
		"unitType": "Siege",
		"upgradesTo": "Танк",
		"movement": 2,
		"strength": 5,
		"rangedStrength": 10,
		"cost": 120,
		"requiredTech": "Второй уровень",
		"obsoleteTech": "Третий уровень",
		"uniques": ["[+150]% Strength <vs cities> <when attacking>", "No defensive terrain bonus",
			"Must set up to ranged attack", "[-1] Sight", "Never appears as a Barbarian unit"],
		"attackSound": "throw"
	},
	{
		"name": "Танк",
		"uniqueTo": "Альянс", 
		"unitType": "Siege",
		"movement": 5,
		"strength": 7,
		"rangedStrength": 14,
		"cost": 170,
		"requiredTech": "Третий уровень",
		"uniques": ["[+350]% Strength <vs cities> <when attacking>", "No defensive terrain bonus"],
		"attackSound": "throw"
	},
	{
		"name": "Грифон",
		"unitType": "Mounted",
		"uniqueTo": "Альянс",
		"movement": 5,
		"strength": 10,
		"cost": 90,
		"requiredTech": "Третий уровень",
		"uniques": ["No defensive terrain bonus"],
		"attackSound": "arrow"
	}, 
	{
		"name": "Ястреб",
		"unitType": "Mounted",
		"uniqueTo": "Альянс",
		"movement": 5,
		"strength": 15,
		"cost": 120,
		"requiredTech": "Третий уровень",
		"uniques": ["Can move after attacking","No defensive terrain bonus"],
		"attackSound": "arrow"
	}, 
	{
		"name": "Паладин",
		"uniqueTo": "Альянс", 
		"unitType": "Sword",
		"movement": 2,
		"strength": 25,
		"cost": 200,
		"requiredTech": "Третий уровень",
		"requiredResource": "Iron",
		"attackSound": "metalhit"
	},
	
	//Нежить
	
	{
		"name": "Гуль",
		"uniqueTo": "Плеть", 
		"unitType": "Sword",
		"replaces": "Warrior",
		"movement": 4,
		"strength": 5,
		"cost": 55,
		"uniques": ["Heals [30] damage if it kills a unit"]
		"attackSound": "nonmetalhit"
	},
	{
		"name": "Паук",
		"uniqueTo": "Плеть", 
		"unitType": "Sword",
		"movement": 4,
		"strength": 7,
		"cost": 90,
	},
	{
		"name": "Горгулия",
		"unitType": "Archery",
		"uniqueTo": "Плеть", 
		"movement": 5,
		"strength": 5,
		"rangedStrength": 7,
		"cost": 95,
		"requiredTech": "Первый уровень",
		"attackSound": "arrow"
	},
	{
		"name": "Мясник",
		"uniqueTo": "Плеть", 
		"unitType": "Sword",
		"health": 150,
		"movement": 2,
		"strength": 15,
		"cost": 120,
		"requiredTech": "Второй уровень",
		"uniques": ["Heals [15] damage if it kills a unit"]
		"attackSound": "nonmetalhit"
	},
	{
		"name": "Катапульта - Плеть",
		"uniqueTo": "Плеть", 
		"unitType": "Siege",
		"cost": 120,
		"movement": 2,
		"strength": 7,
		"rangedStrength": 8,
		"cost": 75,
		"requiredTech": "Второй уровень",
		"uniques": ["[+250]% Strength <vs cities> <when attacking>",
			"Must set up to ranged attack", "[-1] Sight", "Never appears as a Barbarian unit"],
		"attackSound": "throw"
	},
	{
		"name": "Обсидиановая Статуя",
		"unitType": "Civilian",
		"uniqueTo": "Плеть", 
		"requiredTech": "Второй уровень",
		"uniques": [
            "Empire enters a [8]-turn Golden Age <by consuming this unit>",
            "[+15]% Strength bonus for [Military] units within [2] tiles",
            "Can instantly construct a [Citadel] improvement <by consuming this unit>",
			"Great Person - [War]", "Uncapturable"],
		"movement": 2
	},
	{
		"name": "Дистр",
		"uniqueTo": "Плеть", 
		"unitType": "Sword",
		"movement": 4,
		"strength": 15,
		"cost": 90,
		"requiredTech": "Второй уровень",
	},
	{
		"name": "Некромант",
		"uniqueTo": "Плеть", 
		"unitType": "Sword",
		"movement": 3,
		"strength": 10,
		"cost": 160,
		"uniques": ["All adjacent units heal [+15] HP when healing"]
	},
	{
		"name": "Банши",
		"unitType": "Archery",
		"uniqueTo": "Плеть",
		"movement": 5,
		"strength": 10,
		"rangedStrength": 10,
		"cost": 130,
		"requiredTech": "Второй уровень",
		"uniques": ["No defensive terrain bonus"],
		"promotions": ["Accuracy I"],
		"attackSound": "arrow"
	},
	{
		"name": "Тень",
		"uniqueTo": "Плеть",
		"unitType": "Scout",
		"movement": 8,
		"strength": 0,
		"requiredTech": "Второй уровень",
		"cost": 40,
		"uniques": ["May upgrade to [Archer] through ruins-like effects", "Never appears as a Barbarian unit"],
		"promotions": ["Ignore terrain cost"],
		"attackSound": "nonmetalhit"
	},
	{
		"name": "Ледяной вирм",
		"uniqueTo": "Плеть", 
		"unitType": "Sword",
		"movement": 5,
		"strength": 25,
		"cost": 200,
		"requiredTech": "Третий уровень",
		"requiredResource": "Iron",
		"attackSound": "metalhit"
	},
	{
		"name": "Рыцарь Смерти",
		"uniqueTo": "Плеть", 
		"unitType": "Sword",
		"movement": 3,
		"strength": 25,
		"cost": 200,
		"requiredTech": "Третий уровень",
		"requiredResource": "Iron",
		"attackSound": "metalhit"
	},
	
	///Эльфы
	
	{
		"name": "Лучница",
		"unitType": "Archery",
		"uniqueTo": "Ночные Эльфы", 
		"movement": 4,
		"strength": 10,
		"rangedStrength": 7,
		"cost": 75,
		"requiredTech": "Первый уровень",
		"attackSound": "arrow"
	},
	{
		"name": "Охотница",
		"unitType": "Sword",
		"uniqueTo": "Ночные Эльфы",
		"replaces": "Warrior",
		"movement": 5,
		"strength": 6,
		"cost": 50,
		"attackSound": "nonmetalhit"
	},
	{
		"name": "Катапульта - Ночные Эльфы",
		"uniqueTo": "Ночные Эльфы", 
		"unitType": "Siege",
		"cost": 120,
		"movement": 2,
		"strength": 7,
		"rangedStrength": 8,
		"cost": 75,
		"requiredTech": "Второй уровень",
		"uniques": ["[+200]% Strength <vs cities> <when attacking>",
			"Must set up to ranged attack", "[-1] Sight", "Never appears as a Barbarian unit"],
		"attackSound": "throw"
	},
	{
		"name": "Дриада",
		"uniqueTo": "Ночные Эльфы", 
		"requiredTech": "Второй уровень",
		"unitType": "Sword",
		"movement": 3,
		"strength": 5,
		"cost": 90,
		"uniques": ["All adjacent units heal [+10] HP when healing"]
		"attackSound": "arrow"
	}, 
	{
		"name": "Друид Медведь",
		"unitType": "Sword",
		"uniqueTo": "Ночные Эльфы",
		"replaces": "Warrior",
		"movement": 2,
		"strength": 15,
		"cost": 100,
		"attackSound": "nonmetalhit"
	},
	{
		"name": "Горный Гигант",
		"unitType": "Sword",
		"uniqueTo": "Ночные Эльфы",
		"replaces": "Warrior",
		"movement": 1,
		"strength": 17,
		"cost": 150,
		"attackSound": "nonmetalhit"
	},
	{
		"name": "Талон",
		"unitType": "Archery",
		"uniqueTo": "Ночные Эльфы", 
		"movement": 4,
		"strength": 13,
		"rangedStrength": 15,
		"cost": 95,
		"replaces": "Лучница",
		"requiredTech": "Второй уровень",
		"attackSound": "arrow"
	},
	{
		"name": "Волшебный Дракончик",
		"unitType": "Mounted",
		"uniqueTo": "Ночные Эльфы", 
		"movement": 6,
		"strength": 6,
		"cost": 90,
		"requiredTech": "Второй уровень",
		"uniques": ["Can move after attacking","No defensive terrain bonus","[-33]% Strength <vs cities> <when attacking>" ],
		"attackSound": "horse"
	},
	{
		"name": "Гриппогриф",
		"unitType": "Mounted",
		"uniqueTo": "Ночные Эльфы", 
		"movement": 5,
		"strength": 10,
		"cost": 120,
		"requiredTech": "Второй уровень",
		"uniques": ["Can move after attacking","No defensive terrain bonus","[-33]% Strength <vs cities> <when attacking>" ],
		"attackSound": "horse"
	},
	{
		"name": "Химера",
		"unitType": "Mounted",
		"uniqueTo": "Ночные Эльфы", 
		"movement": 8,
		"strength": 15,
		"cost": 170,
		"requiredTech": "Второй уровень",
		"uniques": ["Can move after attacking"],
		"attackSound": "horse"
	},
	{
		"name": "Варден",
		"uniqueTo": "Ночные Эльфв", 
		"unitType": "Sword",
		"movement": 4,
		"strength": 25,
		"cost": 200,
		"requiredTech": "Третий уровень",
		"requiredResource": "Iron",
		"attackSound": "metalhit"
	},
	]